{
  "started_at": "2026-02-21T22:37:17.743910",
  "features": "7-stat (mean, std, max, min, first, last, slope)",
  "split": "temporal_company_grouped",
  "text_dims": 2688,
  "audio_dims": 203,
  "filings_dims": 790,
  "results": [
    {
      "horizon": 4,
      "modality": "text",
      "pr_auc": 0.0030075187969924814,
      "pr_ci": [
        0.0014527561546737548,
        0.007254848678265155
      ],
      "f1": 0.005997001499250375,
      "threshold": 0.001445086705202312,
      "top_features": [
        [
          "std_e27",
          32578.008392333984
        ],
        [
          "min_e261",
          16140.129339694977
        ],
        [
          "last_e274",
          14452.0
        ],
        [
          "mean_e13",
          11472.24998664856
        ],
        [
          "max_e102",
          1642.0899658203125
        ],
        [
          "min_e371",
          1514.699951171875
        ],
        [
          "slope_e27",
          980.2630004882812
        ],
        [
          "std_e19",
          104.13400268554688
        ],
        [
          "min_e309",
          94.00409698486328
        ],
        [
          "mean_e19",
          87.40499877929688
        ]
      ]
    },
    {
      "horizon": 4,
      "modality": "audio",
      "pr_auc": 0.004056795131845842,
      "pr_ci": [
        0.0019319955490168256,
        0.010158562629352639
      ],
      "f1": 0.00808080808080808,
      "threshold": 0.001445086705202312,
      "top_features": [
        [
          "first_Jitter local",
          18047.400390625
        ],
        [
          "slope_Maximum pitch",
          11515.863204956055
        ],
        [
          "first_Maximum pitch",
          10411.611190795898
        ],
        [
          "max_Standard deviation",
          8790.476623535156
        ],
        [
          "last_Shimmer apq11",
          8147.3701171875
        ],
        [
          "first_Shimmer dda",
          6799.9599609375
        ],
        [
          "last_Mean period",
          5623.5400390625
        ],
        [
          "max_Shimmer apq5",
          4054.360107421875
        ],
        [
          "mean_Standard deviation of period",
          4030.580078125
        ],
        [
          "slope_Shimmer local",
          87.24109649658203
        ]
      ]
    },
    {
      "horizon": 4,
      "modality": "late_fusion",
      "pr_auc": 0.004201680672268907,
      "pr_ci": [
        0.0019706436152002738,
        0.012714438645791516
      ],
      "f1": 0.00808080808080808,
      "threshold": 0.001445086705202312,
      "fusion_weight_text": 0.05
    },
    {
      "horizon": 8,
      "modality": "text",
      "pr_auc": 0.018569802147758392,
      "pr_ci": [
        0.004366503661265171,
        0.045023037553606905
      ],
      "f1": 0.04819277108433735,
      "threshold": 0.01,
      "top_features": [
        [
          "max_e382",
          16676.09976810217
        ],
        [
          "last_e115",
          16054.417205095291
        ],
        [
          "slope_e322",
          10969.7998046875
        ],
        [
          "mean_e312",
          8842.741111934185
        ],
        [
          "std_e48",
          6096.403727084398
        ],
        [
          "max_e87",
          248.3459930419922
        ],
        [
          "mean_e175",
          201.5
        ],
        [
          "mean_e332",
          192.33099380722473
        ],
        [
          "max_e361",
          91.40440370605303
        ],
        [
          "max_e275",
          84.99929809570312
        ]
      ]
    },
    {
      "horizon": 8,
      "modality": "audio",
      "pr_auc": 0.016873414592587795,
      "pr_ci": [
        0.0030269932012708077,
        0.05291830804251298
      ],
      "f1": 0.05128205128205128,
      "threshold": 0.01,
      "top_features": [
        [
          "std_Mean HNR",
          11727.3688772098
        ],
        [
          "std_Fraction of unvoiced",
          11130.29015751183
        ],
        [
          "last_Number of periods",
          10081.218101218343
        ],
        [
          "slope_Jitter local absolute",
          7061.524315483868
        ],
        [
          "first_Maximum pitch",
          5625.542826430872
        ],
        [
          "slope_Maximum pitch",
          5114.126886695623
        ],
        [
          "last_Mean pitch",
          5049.507356181741
        ],
        [
          "last_Minimum intensity",
          3772.9285735860467
        ],
        [
          "max_Mean period",
          1137.6015616463599
        ],
        [
          "mean_Standard deviation",
          491.49410222905
        ]
      ]
    },
    {
      "horizon": 8,
      "modality": "late_fusion",
      "pr_auc": 0.024671074337246444,
      "pr_ci": [
        0.00503108615498275,
        0.07459749931455488
      ],
      "f1": 0.04608294930875576,
      "threshold": 0.01,
      "fusion_weight_text": 0.30000000000000004
    },
    {
      "horizon": 16,
      "modality": "text",
      "pr_auc": 0.03550780995163845,
      "pr_ci": [
        0.015377352800589635,
        0.06247020210946399
      ],
      "f1": 0.06329113924050633,
      "threshold": 0.01,
      "top_features": [
        [
          "mean_e94",
          7408.144045087509
        ],
        [
          "mean_e261",
          5625.679366465192
        ],
        [
          "last_e88",
          4769.788645287044
        ],
        [
          "first_e206",
          4388.705569078447
        ],
        [
          "first_e217",
          3546.2260676436126
        ],
        [
          "mean_e117",
          2173.580078125
        ],
        [
          "max_e275",
          1274.9627527045468
        ],
        [
          "max_e87",
          1108.4103173707495
        ],
        [
          "min_e152",
          944.3801155090332
        ],
        [
          "max_e283",
          807.0655179457899
        ]
      ]
    },
    {
      "horizon": 16,
      "modality": "audio",
      "pr_auc": 0.03707852998024429,
      "pr_ci": [
        0.01618363618069529,
        0.06523751926394755
      ],
      "f1": 0.0,
      "threshold": 0.03,
      "top_features": [
        [
          "std_Mean HNR",
          4705.641625325661
        ],
        [
          "max_Shimmer apq11",
          3820.1509307335364
        ],
        [
          "slope_Audio Length",
          3234.8675289154053
        ],
        [
          "max_Maximum intensity",
          3083.425869773142
        ],
        [
          "slope_Maximum pitch",
          2340.7243081633933
        ],
        [
          "first_Degree of voice breaks",
          2299.8975679520518
        ],
        [
          "std_Maximum pitch",
          2283.166707860306
        ],
        [
          "first_Jitter local",
          2275.5550527721643
        ],
        [
          "last_Shimmer apq5",
          2059.2031745910645
        ],
        [
          "last_Mean NHR",
          1292.44136573188
        ]
      ]
    },
    {
      "horizon": 16,
      "modality": "late_fusion",
      "pr_auc": 0.04259233242841305,
      "pr_ci": [
        0.016367571563322587,
        0.07927246508536155
      ],
      "f1": 0.0,
      "threshold": 0.03,
      "fusion_weight_text": 0.8500000000000001
    },
    {
      "horizon": 4,
      "modality": "filings",
      "pr_auc": 0.002898550724637681,
      "pr_ci": [
        0.0013884093140611768,
        0.007331614048401515
      ],
      "f1": 0.0,
      "threshold": 0.01,