{
  "started_at": "2026-02-22T02:24:09.145679",
  "features": "7-stat (mean, std, max, min, first, last, slope)",
  "split": "temporal_company_grouped",
  "text_dims": 2688,
  "audio_dims": 203,
  "filings_dims": 790,
  "results": [
    {
      "horizon": 4,
      "modality": "text",
      "pr_auc": 0.002898550724637681,
      "pr_ci": [
        0.001379027593869382,
        0.008348469988799841
      ],
      "f1": 0.005780346820809248,
      "threshold": 0.001445086705202312,
      "top_features": [
        [
          "std_e27",
          30155.80078125
        ],
        [
          "min_e72",
          16404.30078125
        ],
        [
          "slope_e305",
          14592.099609375
        ],
        [
          "std_e202",
          12881.2001953125
        ]
      ]
    },
    {
      "horizon": 4,
      "modality": "audio",
      "pr_auc": 0.002941812675751676,
      "pr_ci": [
        0.0014174853836417336,
        0.009370604781997185
      ],
      "f1": 0.005934718100890208,
      "threshold": 0.001445086705202312,
      "top_features": [
        [
          "mean_Degree of voice breaks",
          9360.900390625
        ],
        [
          "last_Number of periods",
          9315.5400390625
        ],
        [
          "min_Fraction of unvoiced",
          8573.01953125
        ]
      ]
    },
    {
      "horizon": 4,
      "modality": "late_fusion",
      "pr_auc": 0.002941812675751676,
      "pr_ci": [
        0.0014162353735373539,
        0.009132906837179698
      ],
      "f1": 0.005934718100890208,
      "threshold": 0.001445086705202312,
      "fusion_weight_text": 0.0
    },
    {
      "horizon": 8,
      "modality": "text",
      "pr_auc": 0.013043478260869565,
      "pr_ci": [
        0.00426409374854555,
        0.024220023011223554
      ],
      "f1": 0.0,
      "threshold": 0.01,
      "top_features": [
        [
          "max_e382",
          16390.30078125
        ],
        [
          "last_e115",
          15740.0
        ],
        [
          "slope_e322",
          10771.5
        ],
        [
          "mean_e312",
          8008.16015625
        ],
        [
          "first_e268",
          5881.240234375
        ],
        [
          "mean_e133",
          2782.3900146484375
        ],
        [
          "last_e80",
          1991.8499755859375
        ],
        [
          "mean_e332",
          1043.8199462890625
        ],
        [
          "last_e376",
          886.9769897460938
        ],
        [
          "mean_e19",
          613.1799926757812
        ]
      ]
    },
    {
      "horizon": 8,
      "modality": "audio",
      "pr_auc": 0.016966882622426942,
      "pr_ci": [
        0.0028433452956779528,
        0.03667724600620881
      ],
      "f1": 0.03535353535353535,
      "threshold": 0.005780346820809248,
      "top_features": [
        [
          "std_Mean HNR",
          9951.580078125
        ],
        [
          "last_Number of periods",
          7842.08984375
        ],
        [
          "slope_Mean pitch",
          4823.39990234375
        ],
        [
          "first_Jitter ppq5",
          2379.300048828125
        ],
        [
          "max_Jitter local absolute",
          1805.2099609375
        ],
        [
          "last_Minimum intensity",
          1114.7900390625
        ]
      ]
    },
    {
      "horizon": 8,
      "modality": "late_fusion",
      "pr_auc": 0.01567893674446032,
      "pr_ci": [
        0.002723891775769016,
        0.034152226655472524
      ],
      "f1": 0.03218390804597701,
      "threshold": 0.005780346820809248,
      "fusion_weight_text": 0.30000000000000004
    },
    {
      "horizon": 16,
      "modality": "text",
      "pr_auc": 0.036002638484669364,
      "pr_ci": [
        0.016131429082838634,
        0.06228310491003388
      ],
      "f1": 0.07177033492822966,
      "threshold": 0.02,
      "top_features": [
        [
          "std_e382",
          6965.52001953125
        ],
        [
          "mean_e181",
          5646.16015625
        ],
        [
          "mean_e94",
          5262.75602722168
        ],
        [
          "mean_e240",
          4869.330078125
        ],
        [
          "max_e32",
          3983.889892578125
        ],
        [
          "max_e65",
          3979.239990234375
        ],
        [
          "slope_e140",
          3500.909912109375
        ],
        [
          "mean_e237",
          3352.64990234375
        ],
        [
          "max_e275",
          3109.440704345703
        ],
        [
          "mean_e261",
          2679.1569480895996
        ]
      ]
    },
    {
      "horizon": 16,
      "modality": "audio",
      "pr_auc": 0.04957761860202031,
      "pr_ci": [
        0.016641200696652505,
        0.09336180036745474
      ],
      "f1": 0.1206896551724138,
      "threshold": 0.04,
      "top_features": [
        [
          "std_Mean HNR",
          4067.580078125
        ],
        [
          "first_Degree of voice breaks",
          2775.4706268310547
        ],
        [
          "min_Shimmer apq5",
          2194.43994140625
        ],
        [
          "mean_Mean pitch",
          2143.43994140625
        ],
        [
          "min_Maximum pitch",
          1563.6700439453125
        ],
        [
          "first_Fraction of unvoiced",
          545.6028900146484
        ],
        [
          "std_Mean intensity",
          345.2731056213379
        ],
        [
          "min_Minimum intensity",
          338.8098907470703
        ],
        [
          "mean_Mean intensity",
          325.23199462890625
        ],
        [
          "last_Number of pulses",
          325.0989990234375
        ]
      ]
    },
    {
      "horizon": 16,
      "modality": "late_fusion",
      "pr_auc": 0.04982217182290634,
      "pr_ci": [
        0.01596173468124671,
        0.12150985549903275
      ],
      "f1": 0.07511737089201878,
      "threshold": 0.02,
      "fusion_weight_text": 0.8
    },
    {
      "horizon": 20,
      "modality": "text",
      "pr_auc": 0.060969250824323286,
      "pr_ci": [
        0.019553411805727387,
        0.16166684557127
      ],
      "f1": 0.15384615384615385,
      "threshold": 0.04,
      "top_features": [
        [
          "mean_e2",
          2627.43994140625
        ],
        [
          "mean_e322",
          2277.7099609375
        ],
        [
          "max_e286",
          2179.919921875
        ],
        [
          "slope_e347",
          2115.110107421875
        ],
        [
          "min_e11",
          1954.010009765625
        ],
        [
          "mean_e94",
          1875.6800537109375
        ],
        [
          "std_e116",
          1650.300048828125
        ],
        [
          "std_e161",
          1614.31005859375
        ],
        [
          "last_e282",
          1570.199951171875
        ],
        [
          "std_e96",
          1362.239990234375
        ]
      ]
    },
    {
      "horizon": 20,
      "modality": "audio",
      "pr_auc": 0.03561021847987675,
      "pr_ci": [
        0.016050554936036913,
        0.05888085324227911
      ],
      "f1": 0.0,
      "threshold": 0.03,