{"fusion_weight_text": 0.8500000000000001, "threshold": 0.03, "pr_auc": 0.04259233242841305}