{"fusion_weight_text": 0.05, "threshold": 0.001445086705202312, "pr_auc": 0.004201680672268907}