{"fusion_weight_text": 0.30000000000000004, "threshold": 0.01, "pr_auc": 0.024671074337246444}